<?xml version="1.0" encoding="UTF-8"?>
<metadata xml:lang="en"><Esri><CreaDate>20200212</CreaDate><CreaTime>12012700</CreaTime><ArcGISFormat>1.0</ArcGISFormat><SyncOnce>TRUE</SyncOnce><DataProperties><lineage><Process ToolSource="c:\program files (x86)\arcgis\desktop10.6\ArcToolbox\Toolboxes\Spatial Analyst Tools.tbx\TopoToRaster" Date="20200212" Time="120127">TopoToRaster "spotelevation_mh elevation PointElevation" "C:\Users\Owner\Google Drive\GIS_TA\OnlineGISTutorials\raster_mh" 22.688899504012 "991814.038993908 230150.260221591 997486.263869911 237315.345957011" 20 # # ENFORCE SPOT 20 # 1 0 0 200 # # # # # # # #</Process></lineage></DataProperties></Esri></metadata>
