<?xml version="1.0" encoding="UTF-8"?>
<metadata xml:lang="en"><Esri><CreaDate>20200205</CreaDate><CreaTime>19071800</CreaTime><ArcGISFormat>1.0</ArcGISFormat><SyncOnce>TRUE</SyncOnce><DataProperties><lineage><Process ToolSource="c:\program files (x86)\arcgis\desktop10.6\ArcToolbox\Toolboxes\3D Analyst Tools.tbx\Contour" Date="20200205" Time="190718">Contour raster_mh "C:\Users\sio2106\Google Drive\GIS_TA\OnlineGISTutorials\contours_mh.shp" 2 0 1 CONTOUR #</Process></lineage></DataProperties></Esri></metadata>
