<?xml version="1.0" encoding="UTF-8"?>
<metadata xml:lang="en"><Esri><CreaDate>20200205</CreaDate><CreaTime>19120000</CreaTime><ArcGISFormat>1.0</ArcGISFormat><SyncOnce>TRUE</SyncOnce><DataProperties><lineage><Process ToolSource="c:\program files (x86)\arcgis\desktop10.6\ArcToolbox\Toolboxes\3D Analyst Tools.tbx\FeatureTo3DByAttribute" Date="20200205" Time="191200">FeatureTo3DByAttribute contour_mh "C:\Users\sio2106\Google Drive\GIS_TA\OnlineGISTutorials\contour2ft_mh_3D.shp" CONTOUR #</Process></lineage></DataProperties></Esri></metadata>
